CREATE DATABASE db_DisKlinik
GO
USE db_DisKlinik
CREATE TABLE tblIller
(
	ilId int identity(01,1) primary key,
	ilPlaka int,
	ilAd varchar(20) not null,
	aktif bit default 0	
)
go
CREATE TABLE tblIlceler
(
	ilceId int identity(1,1) primary key,
	ilceAd varchar(20) not null,
	ilId int FOREIGN KEY REFERENCES tblIller(ilId),
	aktif bit default 0
)
go
CREATE TABLE tblKlinik
(
	klinikId int identity(1,1) primary key,
	ilId int FOREIGN KEY REFERENCES tblIller(ilId),
	ilceId int FOREIGN KEY REFERENCES tblIlceler(ilceId),
	klinikAd varchar(75)
		CONSTRAINT ck_klinikAd
			CHECK(len(klinikAd)>=3),
	klinikAdres varchar(max) not null
		CONSTRAINT ck_klinikAdres
			CHECK(len(klinikAdres)>=3),
)
GO
CREATE TRIGGER klinik_ekleme
on tblKlinik
AFTER INSERT
AS
BEGIN
UPDATE tblIller set aktif=1 where ilId =(SELECT ilId from inserted)
UPDATE tblIlceler set aktif=1 where ilceId =(SELECT ilceId from inserted)
END
GO
CREATE TRIGGER klinik_silme
on tblKlinik
AFTER  DELETE
AS
BEGIN
DECLARE @ilId int = (select ilId from deleted)
UPDATE tblIlceler set aktif=0 where ilceId = (select ilceId from deleted)
--update tblIller set aktif=0 where ilId = (select ilId from deleted)
if not exists (select * from tblIlceler where ilId=@ilId and aktif=1)
	update tblIller set aktif=0 where ilId = (select ilId from deleted)
END
go
CREATE TABLE tblUnvan
(
	unvanId int identity(1,1) primary key,
	unvanAd varchar(30)
)
go
CREATE TABLE tblPersonel
(
	personelId int identity(1,1) primary key,
	tcNo varchar(11) not null unique
		constraint ck_tcNo
			check(len(tcNo)=11 and tcNo like ('[1-9][0-9][0-9][0-9][0-9][0-9][0-9][0-9][0-9][0-9][0-9]')),
	ad varchar(20)
		constraint ck_ad
			check(len(ad)>=3),	
	soyad varchar(20)
		constraint ck_soyad
			check(len(soyad)>=3),
	adres varchar(max),
	cinsiyet varchar(5)
		constraint ck_cinsiyet
			check(cinsiyet in('KADIN','ERKEK')),
	cepTel varchar(11)
		constraint ck_cepTel
			check(len(cepTel)=11 and cepTel like ('0[0-9][0-9][0-9][0-9][0-9][0-9][0-9][0-9][0-9][0-9]')),
	email varchar(max) not null,
		constraint ck_email
			check(email like ('%@%.%')),
	dogumTar date,
	dogumYer varchar(20),
	unvanId int foreign key references tblUnvan(unvanId),
	klinikId int foreign key references tblKlinik(klinikId)
)
go
CREATE TABLE tblKullanici
(
	kullanciId int identity(1,1) primary key,
	id varchar(max),
	pw varchar(max),
	pId int foreign key references tblPersonel(personelId) on delete cascade
)
go
CREATE TABLE tblHasta
(
	hastaId int identity(1,1) primary key,
	hastaTc varchar(11) not null unique
		constraint ck_hastaTc
			check(len(hastaTc)=11 and hastaTc like ('[1-9][0-9][0-9][0-9][0-9][0-9][0-9][0-9][0-9][0-9][0-9]')),
	ad varchar(20)
		constraint ck_had
			check(len(ad)>=3),	
	soyad varchar(20)
		constraint ck_hsoyad
			check(len(soyad)>=2),
	adres varchar(max),
	cinsiyet varchar(5)
		constraint ck_hcinsiyet
			check(cinsiyet in('KADIN','ERKEK')),
	cepTel varchar(11)
		constraint ck_hcepTel
			check(len(cepTel)=11 and cepTel like ('0[0-9][0-9][0-9][0-9][0-9][0-9][0-9][0-9][0-9][0-9]')),
	email varchar(max) not null,
		constraint ck_hemail
			check(email like ('%@%.%')),
	dogumTar date,
	dogumYer varchar(20),
	kanGrubu varchar(3)
		constraint ck_kanGrubu
			check(kanGrubu in ('A+','A-','B+','B-','0+','0-','AB+','AB-')),
	sifre varchar(max)
)
go
CREATE TABLE tblRandevu
(
	randevuId int identity(1,1) primary key,
	hastaId int foreign key references tblHasta(hastaId),
	disciId int foreign key references tblPersonel(personelId),
	gun date,
	saat int,
	silinmiþ bit default 0
)
go
INSERT INTO tblIller(ilPlaka,ilAd) VALUES
('01', N'Adana'),
('02', N'Adýyaman'),
('03', N'Afyon'),
('04', N'Aðrý'),
('05', N'Amasya'),
('06', N'Ankara'),
('07', N'Antalya'),
('08', N'Artvin'),
('09', N'Aydýn'),
('10', N'Balýkesir'),
('11', N'Bilecik'),
('12', N'Bingöl'),
('13', N'Bitlis'),
('14', N'Bolu'),
('15', N'Burdur'),
('16', N'Bursa'),
('17', N'Çanakkale'),
('18', N'Çankýrý'),
('19', N'Çorum'),
('20', N'Denizli'),
('21', N'Diyarbakýr'),
('22', N'Edirne'),
('23', N'Elazýð'),
('24', N'Erzincan'),
('25', N'Erzurum'),
('26', N'Eskiþehir'),
('27', N'Gaziantep'),
('28', N'Giresun'),
('29', N'Gümüþhane'),
('30', N'Hakkari'),
('31', N'Hatay'),
('32', N'Isparta'),
('33', N'Mersin'),
('34', N'Ýstanbul'),
('35', N'Ýzmir'),
('36', N'Kars'),
('37', N'Kastamonu'),
('38', N'Kayseri'),
('39', N'Kýrklareli'),
('40', N'Kýrþehir'),
('41', N'Kocaeli'),
('42', N'Konya'),
('43', N'Kütahya'),
('44', N'Malatya'),
('45', N'Manisa'),
('46', N'K.Maraþ'),
('47', N'Mardin'),
('48', N'Muðla'),
('49', N'Muþ'),
('50', N'Nevþehir'),
('51', N'Niðde'),
('52', N'Ordu'),
('53', N'Rize'),
('54', N'Sakarya'),
('55', N'Samsun'),
('56', N'Siirt'),
('57', N'Sinop'),
('58', N'Sivas'),
('59', N'Tekirdað'),
('60', N'Tokat'),
('61', N'Trabzon'),
('62', N'Tunceli'),
('63', N'Þanlýurfa'),
('64', N'Uþak'),
('65', N'Van'),
('66', N'Yozgat'),
('67', N'Zonguldak'),
('68', N'Aksaray'),
('69', N'Bayburt'),
('70', N'Karaman'),
('71', N'Kýrýkkale'),
('72', N'Batman'),
('73', N'Þýrnak'),
('74', N'Bartýn'),
('75', N'Ardahan'),
('76', N'Iðdýr'),
('77', N'Yalova'),
('78', N'Karabük'),
('79', N'Kilis'),
('80', N'Osmaniye'),
('81', N'Düzce')
go
INSERT INTO tblIlceler(ilceAd,ilId) VALUES
(N'SEYHAN', 1),
(N'CEYHAN', 1),
(N'FEKE', 1),
(N'KARAÝSALI', 1),
(N'KARATAÞ', 1),
(N'KOZAN', 1),
(N'POZANTI', 1),
(N'SAÝMBEYLÝ', 1),
(N'TUFANBEYLÝ', 1),
(N'YUMURTALIK', 1),
(N'YÜREÐÝR', 1),
(N'ALADAÐ', 1),
(N'ÝMAMOÐLU', 1),
(N'MERKEZ', 2),
(N'BESNÝ', 2),
(N'ÇELÝKHAN', 2),
(N'GERGER', 2),
(N'GÖLBAÞI', 2),
(N'KAHTA', 2),
(N'SAMSAT', 2),
(N'SÝNCÝK', 2),
(N'TUT', 2),
(N'MERKEZ', 3),
(N'BOLVADÝN', 3),
(N'ÇAY', 3),
(N'DAZKIRI', 3),
(N'DÝNAR', 3),
(N'EMÝRDAÐ', 3),
(N'ÝHSANÝYE', 3),
(N'SANDIKLI', 3),
(N'SÝNANPAÞA', 3),
(N'SULDANDAÐI', 3),
(N'ÞUHUT', 3),
(N'BAÞMAKÇI', 3),
(N'BAYAT', 3),
(N'ÝÞCEHÝSAR', 3),
(N'ÇOBANLAR', 3),
(N'EVCÝLER', 3),
(N'HOCALAR', 3),
(N'KIZILÖREN', 3),
(N'MERKEZ', 68),
(N'ORTAKÖY', 68),
(N'AÐAÇÖREN', 68),
(N'GÜZELYURT', 68),
(N'SARIYAHÞÝ', 68),
(N'ESKÝL', 68),
(N'GÜLAÐAÇ', 68),
(N'MERKEZ', 5),
(N'GÖYNÜÇEK', 5),
(N'GÜMÜÞHACIKÖYÜ', 5),
(N'MERZÝFON', 5),
(N'SULUOVA', 5),
(N'TAÞOVA', 5),
(N'HAMAMÖZÜ', 5),
(N'ALTINDAÐ', 6),
(N'AYAS', 6),
(N'BALA', 6),
(N'BEYPAZARI', 6),
(N'ÇAMLIDERE', 6),
(N'ÇANKAYA', 6),
(N'ÇUBUK', 6),
(N'ELMADAÐ', 6),
(N'GÜDÜL', 6),
(N'HAYMANA', 6),
(N'KALECÝK', 6),
(N'KIZILCAHAMAM', 6),
(N'NALLIHAN', 6),
(N'POLATLI', 6),
(N'ÞEREFLÝKOÇHÝSAR', 6),
(N'YENÝMAHALLE', 6),
(N'GÖLBAÞI', 6),
(N'KEÇÝÖREN', 6),
(N'MAMAK', 6),
(N'SÝNCAN', 6),
(N'KAZAN', 6),
(N'AKYURT', 6),
(N'ETÝMESGUT', 6),
(N'EVREN', 6),
(N'ANSEKÝ', 7),
(N'ALANYA', 7),
(N'MERKEZ', 7),
(N'ELMALI', 7),
(N'FÝNÝKE', 7),
(N'GAZÝPAÞA', 7),
(N'GÜNDOÐMUÞ', 7),
(N'KAÞ', 7),
(N'KORKUTELÝ', 7),
(N'KUMLUCA', 7),
(N'MANAVGAT', 7),
(N'SERÝK', 7),
(N'DEMRE', 7),
(N'ÝBRADI', 7),
(N'KEMER', 7),
(N'MERKEZ', 75),
(N'GÖLE', 75),
(N'ÇILDIR', 75),
(N'HANAK', 75),
(N'POSOF', 75),
(N'DAMAL', 75),
(N'ARDANUÇ', 8),
(N'ARHAVÝ', 8),
(N'MERKEZ', 8),
(N'BORÇKA', 8),
(N'HOPA', 8),
(N'ÞAVÞAT', 8),
(N'YUSUFELÝ', 8),
(N'MURGUL', 8),
(N'MERKEZ', 9),
(N'BOZDOÐAN', 9),
(N'ÇÝNE', 9),
(N'GERMENCÝK', 9),
(N'KARACASU', 9),
(N'KOÇARLI', 9),
(N'KUÞADASI', 9),
(N'KUYUCAK', 9),
(N'NAZÝLLÝ', 9),
(N'SÖKE', 9),
(N'SULTANHÝSAR', 9),
(N'YENÝPAZAR', 9),
(N'BUHARKENT', 9),
(N'ÝNCÝRLÝOVA', 9),
(N'KARPUZLU', 9),
(N'KÖÞK', 9),
(N'DÝDÝM', 9),
(N'MERKEZ', 4),
(N'DÝYADÝN', 4),
(N'DOÐUBEYAZIT', 4),
(N'ELEÞKÝRT', 4),
(N'HAMUR', 4),
(N'PATNOS', 4),
(N'TAÞLIÇAY', 4),
(N'TUTAK', 4),
(N'AYVALIK', 10),
(N'MERKEZ', 10),
(N'BALYA', 10),
(N'BANDIRMA', 10),
(N'BÝGADÝÇ', 10),
(N'BURHANÝYE', 10),
(N'DURSUNBEY', 10),
(N'EDREMÝT', 10),
(N'ERDEK', 10),
(N'GÖNEN', 10),
(N'HAVRAN', 10),
(N'ÝVRÝNDÝ', 10),
(N'KEPSUT', 10),
(N'MANYAS', 10),
(N'SAVAÞTEPE', 10),
(N'SINDIRGI', 10),
(N'SUSURLUK', 10),
(N'MARMARA', 10),
(N'GÖMEÇ', 10),
(N'MERKEZ', 74),
(N'KURUCAÞÝLE', 74),
(N'ULUS', 74),
(N'AMASRA', 74),
(N'MERKEZ', 72),
(N'BEÞÝRÝ', 72),
(N'GERCÜÞ', 72),
(N'KOZLUK', 72),
(N'SASON', 72),
(N'HASANKEYF', 72),
(N'MERKEZ', 69),
(N'AYDINTEPE', 69),
(N'DEMÝRÖZÜ', 69),
(N'MERKEZ', 14),
(N'GEREDE', 14),
(N'GÖYNÜK', 14),
(N'KIBRISCIK', 14),
(N'MENGEN', 14),
(N'MUDURNU', 14),
(N'SEBEN', 14),
(N'DÖRTDÝVAN', 14),
(N'YENÝÇAÐA', 14),
(N'AÐLASUN', 15),
(N'BUCAK', 15),
(N'MERKEZ', 15),
(N'GÖLHÝSAR', 15),
(N'TEFENNÝ', 15),
(N'YEÞÝLOVA', 15),
(N'KARAMANLI', 15),
(N'KEMER', 15),
(N'ALTINYAYLA', 15),
(N'ÇAVDIR', 15),
(N'ÇELTÝKÇÝ', 15),
(N'GEMLÝK', 16),
(N'ÝNEGÖL', 16),
(N'ÝZNÝK', 16),
(N'KARACABEY', 16),
(N'KELES', 16),
(N'MUDANYA', 16),
(N'MUSTAFA K. PAÞA', 16),
(N'ORHANELÝ', 16),
(N'ORHANGAZÝ', 16),
(N'YENÝÞEHÝR', 16),
(N'BÜYÜK ORHAN', 16),
(N'HARMANCIK', 16),
(N'NÜLÝFER', 16),
(N'OSMAN GAZÝ', 16),
(N'YILDIRIM', 16),
(N'GÜRSU', 16),
(N'KESTEL', 16),
(N'MERKEZ', 11),
(N'BOZÜYÜK', 11),
(N'GÖLPAZARI', 11),
(N'OSMANELÝ', 11),
(N'PAZARYERÝ', 11),
(N'SÖÐÜT', 11),
(N'YENÝPAZAR', 11),
(N'ÝNHÝSAR', 11),
(N'MERKEZ', 12),
(N'GENÇ', 12),
(N'KARLIOVA', 12),
(N'KÝGI', 12),
(N'SOLHAN', 12),
(N'ADAKLI', 12),
(N'YAYLADERE', 12),
(N'YEDÝSU', 12),
(N'ADÝLCEVAZ', 13),
(N'AHLAT', 13),
(N'MERKEZ', 13),
(N'HÝZAN', 13),
(N'MUTKÝ', 13),
(N'TATVAN', 13),
(N'GÜROYMAK', 13),
(N'MERKEZ', 20),
(N'ACIPAYAM', 20),
(N'BULDAN', 20),
(N'ÇAL', 20),
(N'ÇAMELÝ', 20),
(N'ÇARDAK', 20),
(N'ÇÝVRÝL', 20),
(N'GÜNEY', 20),
(N'KALE', 20),
(N'SARAYKÖY', 20),
(N'TAVAS', 20),
(N'BABADAÐ', 20),
(N'BEKÝLLÝ', 20),
(N'HONAZ', 20),
(N'SERÝNHÝSAR', 20),
(N'AKKÖY', 20),
(N'BAKLAN', 20),
(N'BEYAÐAÇ', 20),
(N'BOZKURT', 20),
(N'MERKEZ', 81),
(N'AKÇAKOCA', 81),
(N'YIÐILCA', 81),
(N'CUMAYERÝ', 81),
(N'GÖLYAKA', 81),
(N'ÇÝLÝMLÝ', 81),
(N'GÜMÜÞOVA', 81),
(N'KAYNAÞLI', 81),
(N'MERKEZ', 21),
(N'BÝSMÝL', 21),
(N'ÇERMÝK', 21),
(N'ÇINAR', 21),
(N'ÇÜNGÜÞ', 21),
(N'DÝCLE', 21),
(N'ERGANÝ', 21),
(N'HANÝ', 21),
(N'HAZRO', 21),
(N'KULP', 21),
(N'LÝCE', 21),
(N'SÝLVAN', 21),
(N'EÐÝL', 21),
(N'KOCAKÖY', 21),
(N'MERKEZ', 22),
(N'ENEZ', 22),
(N'HAVSA', 22),
(N'ÝPSALA', 22),
(N'KEÞAN', 22),
(N'LALAPAÞA', 22),
(N'MERÝÇ', 22),
(N'UZUNKÖPRÜ', 22),
(N'SÜLOÐLU', 22),
(N'MERKEZ', 23),
(N'AÐIN', 23),
(N'BASKÝL', 23),
(N'KARAKOÇAN', 23),
(N'KEBAN', 23),
(N'MADEN', 23),
(N'PALU', 23),
(N'SÝVRÝCE', 23),
(N'ARICAK', 23),
(N'KOVANCILAR', 23),
(N'ALACAKAYA', 23),
(N'MERKEZ', 25),
(N'PALANDÖKEN', 25),
(N'AÞKALE', 25),
(N'ÇAT', 25),
(N'HINIS', 25),
(N'HORASAN', 25),
(N'OLTU', 25),
(N'ÝSPÝR', 25),
(N'KARAYAZI', 25),
(N'NARMAN', 25),
(N'OLUR', 25),
(N'PASÝNLER', 25),
(N'ÞENKAYA', 25),
(N'TEKMAN', 25),
(N'TORTUM', 25),
(N'KARAÇOBAN', 25),
(N'UZUNDERE', 25),
(N'PAZARYOLU', 25),
(N'ILICA', 25),
(N'KÖPRÜKÖY', 25),
(N'ÇAYIRLI', 24),
(N'MERKEZ', 24),
(N'ÝLÝÇ', 24),
(N'KEMAH', 24),
(N'KEMALÝYE', 24),
(N'REFAHÝYE', 24),
(N'TERCAN', 24),
(N'OTLUKBELÝ', 24),
(N'MERKEZ', 26),
(N'ÇÝFTELER', 26),
(N'MAHMUDÝYE', 26),
(N'MÝHALIÇLIK', 26),
(N'SARICAKAYA', 26),
(N'SEYÝTGAZÝ', 26),
(N'SÝVRÝHÝSAR', 26),
(N'ALPU', 26),
(N'BEYLÝKOVA', 26),
(N'ÝNÖNÜ', 26),
(N'GÜNYÜZÜ', 26),
(N'HAN', 26),
(N'MÝHALGAZÝ', 26),
(N'ARABAN', 27),
(N'ÝSLAHÝYE', 27),
(N'NÝZÝP', 27),
(N'OÐUZELÝ', 27),
(N'YAVUZELÝ', 27),
(N'ÞAHÝNBEY', 27),
(N'ÞEHÝT KAMÝL', 27),
(N'KARKAMIÞ', 27),
(N'NURDAÐI', 27),
(N'MERKEZ', 29),
(N'KELKÝT', 29),
(N'ÞÝRAN', 29),
(N'TORUL', 29),
(N'KÖSE', 29),
(N'KÜRTÜN', 29),
(N'ALUCRA', 28),
(N'BULANCAK', 28),
(N'DERELÝ', 28),
(N'ESPÝYE', 28),
(N'EYNESÝL', 28),
(N'MERKEZ', 28),
(N'GÖRELE', 28),
(N'KEÞAP', 28),
(N'ÞEBÝNKARAHÝSAR', 28),
(N'TÝREBOLU', 28),
(N'PÝPAZÝZ', 28),
(N'YAÐLIDERE', 28),
(N'ÇAMOLUK', 28),
(N'ÇANAKÇI', 28),
(N'DOÐANKENT', 28),
(N'GÜCE', 28),
(N'MERKEZ', 30),
(N'ÇUKURCA', 30),
(N'ÞEMDÝNLÝ', 30),
(N'YÜKSEKOVA', 30),
(N'ALTINÖZÜ', 31),
(N'DÖRTYOL', 31),
(N'MERKEZ', 31),
(N'HASSA', 31),
(N'ÝSKENDERUN', 31),
(N'KIRIKHAN', 31),
(N'REYHANLI', 31),
(N'SAMANDAÐ', 31),
(N'YAYLADAÐ', 31),
(N'ERZÝN', 31),
(N'BELEN', 31),
(N'KUMLU', 31),
(N'MERKEZ', 32),
(N'ATABEY', 32),
(N'KEÇÝBORLU', 32),
(N'EÐÝRDÝR', 32),
(N'GELENDOST', 32),
(N'SÝNÝRKENT', 32),
(N'ULUBORLU', 32),
(N'YALVAÇ', 32),
(N'AKSU', 32),
(N'GÖNEN', 32),
(N'YENÝÞAR BADEMLÝ', 32),
(N'MERKEZ', 76),
(N'ARALIK', 76),
(N'TUZLUCA', 76),
(N'KARAKOYUNLU', 76),
(N'AFÞÝN', 46),
(N'ANDIRIN', 46),
(N'ELBÝSTAN', 46),
(N'GÖKSUN', 46),
(N'MERKEZ', 46),
(N'PAZARCIK', 46),
(N'TÜRKOÐLU', 46),
(N'ÇAÐLAYANCERÝT', 46),
(N'EKÝNÖZÜ', 46),
(N'NURHAK', 46),
(N'EFLANÝ', 78),
(N'ESKÝPAZAR', 78),
(N'MERKEZ', 78),
(N'OVACIK', 78),
(N'SAFRANBOLU', 78),
(N'YENÝCE', 78),
(N'ERMENEK', 70),
(N'MERKEZ', 70),
(N'AYRANCI', 70),
(N'KAZIMKARABEKÝR', 70),
(N'BAÞYAYLA', 70),
(N'SARIVELÝLER', 70),
(N'MERKEZ', 36),
(N'ARPAÇAY', 36),
(N'DÝGOR', 36),
(N'KAÐIZMAN', 36),
(N'SARIKAMIÞ', 36),
(N'SELÝM', 36),
(N'SUSUZ', 36),
(N'AKYAKA', 36),
(N'ABANA', 37),
(N'MERKEZ', 37),
(N'ARAÇ', 37),
(N'AZDAVAY', 37),
(N'BOZKURT', 37),
(N'CÝDE', 37),
(N'ÇATALZEYTÝN', 37),
(N'DADAY', 37),(N'DEVREKANÝ', 37),
(N'ÝNEBOLU', 37),
(N'KÜRE', 37),
(N'TAÞKÖPRÜ', 37),
(N'TOSYA', 37),
(N'ÝHSANGAZÝ', 37),
(N'PINARBAÞI', 37),
(N'ÞENPAZAR', 37),
(N'AÐLI', 37),
(N'DOÐANYURT', 37),
(N'HANÖNÜ', 37),
(N'SEYDÝLER', 37),
(N'BÜNYAN', 38),
(N'DEVELÝ', 38),
(N'FELAHÝYE', 38),
(N'ÝNCESU', 38),
(N'PINARBAÞI', 38),
(N'SARIOÐLAN', 38),
(N'SARIZ', 38),
(N'TOMARZA', 38),
(N'YAHYALI', 38),
(N'YEÞÝLHÝSAR', 38),
(N'AKKIÞLA', 38),
(N'TALAS', 38),
(N'KOCASÝNAN', 38),
(N'MELÝKGAZÝ', 38),
(N'HACILAR', 38),
(N'ÖZVATAN', 38),
(N'DERÝCE', 71),
(N'KESKÝN', 71),
(N'MERKEZ', 71),
(N'SALAK YURT', 71),
(N'BAHÞÝLÝ', 71),
(N'BALIÞEYH', 71),
(N'ÇELEBÝ', 71),
(N'KARAKEÇÝLÝ', 71),
(N'YAHÞÝHAN', 71),
(N'MERKEZ', 39),
(N'BABAESKÝ', 39),
(N'DEMÝRKÖY', 39),
(N'KOFÇAY', 39),
(N'LÜLEBURGAZ', 39),
(N'VÝZE', 39),
(N'MERKEZ', 40),
(N'ÇÝÇEKDAÐI', 40),
(N'KAMAN', 40),
(N'MUCUR', 40),
(N'AKPINAR', 40),
(N'AKÇAKENT', 40),
(N'BOZTEPE', 40),
(N'ÝZMÝT', 41),
(N'GEBZE', 41),
(N'GÖLCÜK', 41),
(N'KANDIRA', 41),
(N'KARAMÜRSEL', 41),
(N'KÖRFEZ', 41),
(N'DERÝNCE', 41),
(N'MERKEZ', 42),
(N'AKÞEHÝR', 42),
(N'BEYÞEHÝR', 42),
(N'BOZKIR', 42),
(N'CÝHANBEYLÝ', 42),
(N'ÇUMRA', 42),
(N'DOÐANHÝSAR', 42),
(N'EREÐLÝ', 42),
(N'HADÝM', 42),
(N'ILGIN', 42),
(N'KADINHANI', 42),
(N'KARAPINAR', 42),
(N'KULU', 42),
(N'SARAYÖNÜ', 42),
(N'SEYDÝÞEHÝR', 42),
(N'YUNAK', 42),
(N'AKÖREN', 42),
(N'ALTINEKÝN', 42),
(N'DEREBUCAK', 42),
(N'HÜYÜK', 42),
(N'KARATAY', 42),
(N'MERAM', 42),
(N'SELÇUKLU', 42),
(N'TAÞKENT', 42),
(N'AHIRLI', 42),
(N'ÇELTÝK', 42),
(N'DERBENT', 42),
(N'EMÝRGAZÝ', 42),
(N'GÜNEYSINIR', 42),
(N'HALKAPINAR', 42),
(N'TUZLUKÇU', 42),
(N'YALIHÜYÜK', 42),
(N'MERKEZ', 43),
(N'ALTINTAÞ', 43),
(N'DOMANÝÇ', 43),
(N'EMET', 43),
(N'GEDÝZ', 43),
(N'SÝMAV', 43),
(N'TAVÞANLI', 43),
(N'ASLANAPA', 43),
(N'DUMLUPINAR', 43),
(N'HÝSARCIK', 43),
(N'ÞAPHANE', 43),
(N'ÇAVDARHÝSAR', 43),
(N'PAZARLAR', 43),
(N'KMERKEZ', 79),
(N'ELBEYLÝ', 79),
(N'MUSABEYLÝ', 79),
(N'POLATELÝ', 79),
(N'MERKEZ', 44),
(N'AKÇADAÐ', 44),
(N'ARAPGÝR', 44),
(N'ARGUVAN', 44),
(N'DARENDE', 44),
(N'DOÐANÞEHÝR', 44),
(N'HEKÝMHAN', 44),
(N'PÜTÜRGE', 44),
(N'YEÞÝLYURT', 44),
(N'BATTALGAZÝ', 44),
(N'DOÐANYOL', 44),
(N'KALE', 44),
(N'KULUNCAK', 44),
(N'YAZIHAN', 44),
(N'AKHÝSAR', 45),
(N'ALAÞEHÝR', 45),
(N'DEMÝRCÝ', 45),
(N'GÖRDES', 45),
(N'KIRKAÐAÇ', 45),
(N'KULA', 45),
(N'MERKEZ', 45),
(N'SALÝHLÝ', 45),
(N'SARIGÖL', 45),
(N'SARUHANLI', 45),
(N'SELENDÝ', 45),
(N'SOMA', 45),
(N'TURGUTLU', 45),
(N'AHMETLÝ', 45),
(N'GÖLMARMARA', 45),
(N'KÖPRÜBAÞI', 45),
(N'DERÝK', 47),
(N'KIZILTEPE', 47),
(N'MERKEZ', 47),
(N'MAZIDAÐI', 47),
(N'MÝDYAT', 47),
(N'NUSAYBÝN', 47),
(N'ÖMERLÝ', 47),
(N'SAVUR', 47),
(N'YEÞÝLLÝ', 47),
(N'MERKEZ', 33),
(N'ANAMUR', 33),
(N'ERDEMLÝ', 33),
(N'GÜLNAR', 33),
(N'MUT', 33),
(N'SÝLÝFKE', 33),
(N'TARSUS', 33),
(N'AYDINCIK', 33),
(N'BOZYAZI', 33),
(N'ÇAMLIYAYLA', 33),
(N'BODRUM', 48),
(N'DATÇA', 48),
(N'FETHÝYE', 48),
(N'KÖYCEÐÝZ', 48),
(N'MARMARÝS', 48),
(N'MÝLAS', 48),
(N'MERKEZ', 48),
(N'ULA', 48),
(N'YATAÐAN', 48),
(N'DALAMAN', 48),
(N'KAVAKLI DERE', 48),
(N'ORTACA', 48),
(N'BULANIK', 49),
(N'MALAZGÝRT', 49),
(N'MERKEZ', 49),
(N'VARTO', 49),
(N'HASKÖY', 49),
(N'KORKUT', 49),
(N'MERKEZ', 50),
(N'AVANOS', 50),
(N'DERÝNKUYU', 50),
(N'GÜLÞEHÝR', 50),
(N'HACIBEKTAÞ', 50),
(N'KOZAKLI', 50),
(N'ÜRGÜP', 50),
(N'ACIGÖL', 50),
(N'MERKEZ', 51),
(N'BOR', 51),
(N'ÇAMARDI', 51),
(N'ULUKIÞLA', 51),
(N'ALTUNHÝSAR', 51),
(N'ÇÝFTLÝK', 51),
(N'AKKUÞ', 52),
(N'AYBASTI', 52),
(N'FATSA', 52),
(N'GÖLKÖY', 52),
(N'KORGAN', 52),
(N'KUMRU', 52),
(N'MESUDÝYE', 52),
(N'MERKEZ', 52),
(N'PERÞEMBE', 52),
(N'ULUBEY', 52),
(N'ÜNYE', 52),
(N'GÜLYALI', 52),
(N'GÜRGENTEPE', 52),
(N'ÇAMAÞ', 52),
(N'ÇATALPINAR', 52),
(N'ÇAYBAÞI', 52),
(N'ÝKÝZCE', 52),
(N'KABADÜZ', 52),
(N'KABATAÞ', 52),
(N'BAHÇE', 80),
(N'KADÝRLÝ', 80),
(N'MERKEZ', 80),
(N'DÜZÝÇÝ', 80),
(N'HASANBEYLÝ', 80),
(N'SUMBAÞ', 80),
(N'TOPRAKKALE', 80),
(N'MERKEZ', 53),
(N'ARDEÞEN', 53),
(N'ÇAMLIHEMÞÝN', 53),
(N'ÇAYELÝ', 53),
(N'FINDIKLI', 53),
(N'ÝKÝZDERE', 53),
(N'KALKANDERE', 53),
(N'PAZAR', 53),
(N'GÜNEYSU', 53),
(N'DEREPAZARI', 53),
(N'HEMÞÝN', 53),
(N'ÝKÝDERE', 53),
(N'AKYAZI', 54),
(N'GEYVE', 54),
(N'HENDEK', 54),
(N'KARASU', 54),
(N'KAYNARCA', 54),
(N'ADAPAZARI', 54),
(N'PAMUKOVA', 54),
(N'TARAKLI', 54),
(N'FERÝZLÝ', 54),
(N'KARAPÜRÇEK', 54),
(N'SÖÐÜTLÜ', 54),
(N'ALAÇAM', 55),
(N'BAFRA', 55),
(N'ÇARÞAMBA', 55),
(N'HAVZA', 55),
(N'KAVAK', 55),
(N'LADÝK', 55),
(N'CANÝK', 55),
(N'TERME', 55),
(N'VEZÝRKÖPRÜ', 55),
(N'ASARCIK', 55),
(N'ONDOKUZMAYIS', 55),
(N'SALIPAZARI', 55),
(N'TEKKEKÖY', 55),
(N'AYVACIK', 55),
(N'YAKAKENT', 55),
(N'AYANCIK', 57),
(N'BOYABAT', 57),
(N'MERKEZ', 57),
(N'DURAÐAN', 57),
(N'ERGELEK', 57),
(N'GERZE', 57),
(N'TÜRKELÝ', 57),
(N'DÝKMEN', 57),
(N'SARAYDÜZÜ', 57),
(N'DÝVRÝÐÝ', 58),
(N'GEMEREK', 58),
(N'GÜRÜN', 58),
(N'HAFÝK', 58),
(N'ÝMRANLI', 58),
(N'KANGAL', 58),
(N'KOYUL HÝSAR', 58),
(N'MERKEZ', 58),
(N'SU ÞEHRÝ', 58),
(N'ÞARKIÞLA', 58),
(N'YILDIZELÝ', 58),
(N'ZARA', 58),
(N'AKINCILAR', 58),
(N'ALTINYAYLA', 58),
(N'DOÐANÞAR', 58),
(N'GÜLOVA', 58),
(N'ULAÞ', 58),
(N'BAYKAN', 56),
(N'ERUH', 56),
(N'KURTALAN', 56),
(N'PERVARÝ', 56),
(N'MERKEZ', 56),
(N'ÞÝRVARÝ', 56),
(N'AYDINLAR', 56),
(N'SÜLEYMANPAÞA', 59),
(N'ÇERKEZKÖY', 59),
(N'ÇORLU', 59),
(N'HAYRABOLU', 59),
(N'MALKARA', 59),
(N'MURATLI', 59),
(N'SARAY', 59),
(N'ÞARKÖY', 59),
(N'MARAMARAEREÐLÝSÝ', 59),
(N'ALMUS', 60),
(N'ARTOVA', 60),
(N'MERKEZ', 60),
(N'ERBAA', 60),
(N'NÝKSAR', 60),
(N'REÞADÝYE', 60),
(N'TURHAL', 60),
(N'ZÝLE', 60),
(N'PAZAR', 60),
(N'YEÞÝLYURT', 60),
(N'BAÞÇÝFTLÝK', 60),
(N'SULUSARAY', 60),
(N'MERKEZ', 61),
(N'AKÇAABAT', 61),
(N'ARAKLI', 61),
(N'ARÞÝN', 61),
(N'ÇAYKARA', 61),
(N'MAÇKA', 61),
(N'OF', 61),
(N'SÜRMENE', 61),
(N'TONYA', 61),
(N'VAKFIKEBÝR', 61),
(N'YOMRA', 61),
(N'BEÞÝKDÜZÜ', 61),
(N'ÞALPAZARI', 61),
(N'ÇARÞIBAÞI', 61),
(N'DERNEKPAZARI', 61),
(N'DÜZKÖY', 61),
(N'HAYRAT', 61),
(N'KÖPRÜBAÞI', 61),
(N'MERKEZ', 62),
(N'ÇEMÝÞGEZEK', 62),
(N'HOZAT', 62),
(N'MAZGÝRT', 62),
(N'NAZÝMÝYE', 62),
(N'OVACIK', 62),
(N'PERTEK', 62),
(N'PÜLÜMÜR', 62),
(N'BANAZ', 64),
(N'EÞME', 64),
(N'KARAHALLI', 64),
(N'SÝVASLI', 64),
(N'ULUBEY', 64),
(N'MERKEZ', 64),
(N'BAÞKALE', 65),
(N'MERKEZ', 65),
(N'EDREMÝT', 65),
(N'ÇATAK', 65),
(N'ERCÝÞ', 65),
(N'GEVAÞ', 65),
(N'GÜRPINAR', 65),
(N'MURADÝYE', 65),
(N'ÖZALP', 65),
(N'BAHÇESARAY', 65),
(N'ÇALDIRAN', 65),
(N'SARAY', 65),
(N'MERKEZ', 77),
(N'ALTINOVA', 77),
(N'ARMUTLU', 77),
(N'ÇINARCIK', 77),
(N'ÇÝFTLÝKKÖY', 77),
(N'TERMAL', 77),
(N'AKDAÐMADENÝ', 66),
(N'BOÐAZLIYAN', 66),
(N'MERKEZ', 66),
(N'ÇAYIRALAN', 66),
(N'ÇEKEREK', 66),
(N'SARIKAYA', 66),
(N'SORGUN', 66),
(N'ÞEFAATLI', 66),
(N'YERKÖY', 66),
(N'KADIÞEHRÝ', 66),
(N'SARAYKENT', 66),
(N'YENÝFAKILI', 66),
(N'ÇAYCUMA', 67),
(N'DEVREK', 67),
(N'MERKEZ', 67),
(N'EREÐLÝ', 67),
(N'ALAPLI', 67),
(N'GÖKÇEBEY', 67),
(N'MERKEZ', 17),
(N'AYVACIK', 17),
(N'BAYRAMÝÇ', 17),
(N'BÝGA', 17),
(N'BOZCAADA', 17),
(N'ÇAN', 17),
(N'ECEABAT', 17),
(N'EZÝNE', 17),
(N'LAPSEKÝ', 17),
(N'YENÝCE', 17),
(N'MERKEZ', 18),
(N'ÇERKEÞ', 18),
(N'ELDÝVAN', 18),
(N'ILGAZ', 18),
(N'KURÞUNLU', 18),
(N'ORTA', 18),
(N'ÞABANÖZÜ', 18),
(N'YAPRAKLI', 18),
(N'ATKARACALAR', 18),
(N'KIZILIRMAK', 18),
(N'BAYRAMÖREN', 18),
(N'KORGUN', 18),
(N'ALACA', 19),
(N'BAYAT', 19),
(N'MERKEZ', 19),
(N'ÝKSÝPLÝ', 19),
(N'KARGI', 19),
(N'MECÝTÖZÜ', 19),
(N'ORTAKÖY', 19),
(N'OSMANCIK', 19),
(N'SUNGURLU', 19),
(N'DODURGA', 19),
(N'LAÇÝN', 19),
(N'OÐUZLAR', 19),
(N'ADALAR', 34),
(N'BAKIRKÖY', 34),
(N'BEÞÝKTAÞ', 34),
(N'BEYKOZ', 34),
(N'BEYOÐLU', 34),
(N'ÇATALCA', 34),
(N'EMÝNÖNÜ', 34),
(N'EYÜP', 34),
(N'FATÝH', 34),
(N'GAZÝOSMANPAÞA', 34),
(N'KADIKÖY', 34),
(N'KARTAL', 34),
(N'SARIYER', 34),
(N'SÝLÝVRÝ', 34),
(N'ÞÝLE', 34),
(N'ÞÝÞLÝ', 34),
(N'ÜSKÜDAR', 34),
(N'ZEYTÝNBURNU', 34),
(N'BÜYÜKÇEKMECE', 34),
(N'KAÐITHANE', 34),
(N'KÜÇÜKÇEKMECE', 34),
(N'PENDÝK', 34),
(N'ÜMRANÝYE', 34),
(N'BAYRAMPAÞA', 34),
(N'AVCILAR', 34),
(N'BAÐCILAR', 34),
(N'BAHÇELÝEVLER', 34),
(N'GÜNGÖREN', 34),
(N'MALTEPE', 34),
(N'SULTANBEYLÝ', 34),
(N'TUZLA', 34),
(N'ESENLER', 34),
(N'ALÝAÐA', 35),
(N'BAYINDIR', 35),
(N'BERGAMA', 35),
(N'BORNOVA', 35),
(N'ÇEÞME', 35),
(N'DÝKÝLÝ', 35),
(N'FOÇA', 35),
(N'KARABURUN', 35),
(N'KARÞIYAKA', 35),
(N'KEMALPAÞA', 35),
(N'KINIK', 35),
(N'KÝRAZ', 35),
(N'MENEMEN', 35),
(N'ÖDEMÝÞ', 35),
(N'SEFERÝHÝSAR', 35),
(N'SELÇUK', 35),
(N'TÝRE', 35),
(N'TORBALI', 35),
(N'URLA', 35),
(N'BEYDAÐ', 35),
(N'BUCA', 35),
(N'KONAK', 35),
(N'MENDERES', 35),
(N'BALÇOVA', 35),
(N'ÇÝGLÝ', 35),
(N'GAZÝEMÝR', 35),
(N'NARLIDERE', 35),
(N'GÜZELBAHÇE', 35),
(N'MERKEZ', 63),
(N'AKÇAKALE', 63),
(N'BÝRECÝK', 63),
(N'BOZOVA', 63),
(N'CEYLANPINAR', 63),
(N'HALFETÝ', 63),
(N'HÝLVAN', 63),
(N'SÝVEREK', 63),
(N'SURUÇ', 63),
(N'VÝRANÞEHÝR', 63),
(N'HARRAN', 63),
(N'BEYTÜÞÞEBAP', 73),
(N'MERKEZ', 73),
(N'CÝZRE', 73),
(N'ÝDÝL', 73),
(N'SÝLOPÝ', 73),
(N'ULUDERE', 73),
(N'GÜÇLÜKONAK', 73)
go
INSERT tblKlinik VALUES (55,669,N'EÞKÝN ÖZEL DÝÞ KLÝNÝÐÝ',N'EÞKÝN MAHALLESÝ DÝLARA SOKAK NO:55')
INSERT tblKlinik VALUES (22,272,N'CEVÝZ ÖZEL DÝÞ KLÝNÝÐÝ',N'CEVÝZ MAHALLELSÝ ABDULLAH SOKAK NO:22')
INSERT tblKlinik VALUES (22,270,N'TÝTREK ÖZEL DÝÞ KLÝNÝÐÝ',N'TÝTREK MAHALLESÝ HASAN SOKAK NO:22')
INSERT tblKlinik VALUES (28,350,N'KARADENÝZ ÖZEL DÝÞ KLÝNÝÐÝ',N'GEZMÝÞ MAHALLESÝ ÝSMAÝL CAN SOKAK NO:28')
INSERT tblKlinik VALUES (52,622,N'AKTAÞ ÖZEL DÝÞ KLÝNÝÐÝ',N'AKTAÞ MAHALLESÝ FURKAN SOKAK NO :52')
INSERT tblKlinik VALUES (34,865,N'GÜLCÜ ÖZEL DÝÞ KLÝNÝÐÝ',N'GÜLCÜ MAHALLESÝ MÜBAREK SOKAK NO:34')
go
INSERT INTO tblUnvan VALUES
(N'GENEL MÜDÜR'),
(N'DÝÞÇÝ'),
(N'SEKRETER')
go
INSERT INTO tblPersonel values('10000000000','Arif','Cüheylan','Ýstanbul','ERKEK','05320000000','cüheylan@arif.net','01-01-1993','Ýstanbul',1,6)
INSERT INTO tblPersonel values('10000000001','Dilara','Eþkin','Samsun','KADIN','05320000001','eþkin@dilara.net','01-01-1996','Samsun',2,1)
INSERT INTO tblPersonel values('10000000002','Ali','Eþkin','Samsun','ERKEK','05320000002','eþkin@ali.net','01-01-2004','Samsun',2,1)
INSERT INTO tblPersonel values('10000000003','Cansu','Eþkin','Samsun','KADIN','05320000003','eþkin@cansu.net','01-01-1991','Samsun',3,1)
INSERT INTO tblPersonel values('10000000004','Abdullah','Ceviz','Edirne','ERKEK','05320000004','ceviz@abdullah.net','01-01-1996','Edirne',3,2)
INSERT INTO tblPersonel values('10000000005','Þükrü','Ceviz','Edirne','ERKEK','05320000005','ceviz@þükrü.net','01-01-1990','Edirne',2,2)
INSERT INTO tblPersonel values('10000000006','Merve','Ceviz','Edirne','KADIN','05320000006','ceviz@merve.net','01-01-1993','Edirne',2,2)
INSERT INTO tblPersonel values('10000000007','Hasan','Titrek','Edirne','ERKEK','05320000007','titrek@hasan.net','01-01-1997','Edirne',2,3)
INSERT INTO tblPersonel values('10000000008','Hikmet','Titrek','Edirne','ERKEK','05320000008','titrek@baytarhikmet.net','01-01-1993','Edirne',2,3)
INSERT INTO tblPersonel values('10000000009','Dilay','Titrek','Edirne','KADIN','05320000009','titrek@dilay.net','01-01-1997','Edirne',3,3)
INSERT INTO tblPersonel values('10000000010','Samet','Yallýkaya','Afyonkarahisar','ERKEK','05320000010','yallýkaya@samet.net','01-01-1988','Afyonkarahisr',2,4)
INSERT INTO tblPersonel values('10000000011','Ýsmail Can','Gezmiþ','Giresun','ERKEK','05320000011','can@gezmis.net','01-01-1996','Giresun',2,4)
INSERT INTO tblPersonel values('10000000012','Emre','Karadeniz','Giresun','ERKEK','05320000012','karadeniz@emre.net','01-01-1996','Giresun',3,4)
INSERT INTO tblPersonel values('10000000013','Furkan','Aktaþ','Ordu','ERKEK','05320000013','aktas@furkan.net','01-01-1996','Ordu',2,5)
INSERT INTO tblPersonel values('10000000014','Kübra','Aktaþ','Ordu','KADIN','05320000014','aktas@kübra.net','01-01-1996','Ordu',2,5)
INSERT INTO tblPersonel values('10000000015','Yasin','Akpýnar','Sivas/Zara','ERKEK','05320000015','yasin@zarali.net','01-01-1996','Sivas',3,5)
INSERT INTO tblPersonel values('10000000016','Yasin','Gülcü','Yozgat','ERKEK','05320000016','yasin@gülcü.net','01-01-1995','Yozgat',2,6)
INSERT INTO tblPersonel values('10000000017','Sümeyra','Gülcü','Ýstanbul','KADIN','05320000017','sümeyra@gülcü.net','01-01-1999','Ýstanbul',3,6)
GO
INSERT INTO tblKullanici values
('arif','cüheylan',1),
('dilara','eþkin',2),
('ali','eþkin',3),
('cansu','eþkin',4),
('abdullah','ceviz',5),
('þükrü','ceviz',6),
('merve','ceviz',7),
('hasan,','titrek',8),
('hikemt','titrek',9),
('dilay','titrek',10),
('samet','yallýkaya',11),
('can','gezmiþ',12),
('emre','karadeniz',13),
('furkan','aktaþ',14),
('kübra','aktaþ',15),
('yasin2','akpýnar',16),
('yasin','gülcü',17),
('sümeyra','gülcü',18)
go
--SELECT * from tblIlceler where ilId = 22
--SELECT * FROM tblIller where ilId = 22
--select * from tblKlinik
--delete from tblKlinik where klinikId=3
/*use master drop database db_DisKlinik*/ 